{"loss": [2.183156728744507, 3.432525396347046, 4.84578800201416, 5.809137344360352, 9.4539794921875], "accuracy": [0.2632119655609131, 0.2659197151660919, 0.2607843279838562, 0.26713353395462036, 0.25480860471725464], "val_loss": [1.8799608945846558, 8.228337287902832, 9.896234512329102, 7.817226886749268, 3.3987693786621094], "val_accuracy": [0.33233755826950073, 0.27072441577911377, 0.2841672897338867, 0.2841672897338867, 0.27072441577911377]}