{"loss": [841530496.0, 993301248.0, 1307872000.0], "accuracy": [0.510644257068634, 0.5157796740531921, 0.5176470875740051], "val_loss": [1043209024.0, 531745120.0, 226769440.0], "val_accuracy": [0.35212844610214233, 0.35212844610214233, 0.35250186920166016]}