{"loss": [2.143752098083496, 3.10351300239563, 4.539618492126465, 7.135544300079346, 8.066474914550781], "accuracy": [0.26900094747543335, 0.2572362422943115, 0.25256770849227905, 0.25350141525268555, 0.2574229836463928], "val_loss": [24.217443466186523, 7.906480312347412, 11.894136428833008, 6.179104804992676, 25.077123641967773], "val_accuracy": [0.2923823893070221, 0.2841672897338867, 0.27072441577911377, 0.18595966696739197, 0.2770724296569824]}