{"loss": [1.8422787189483643, 3.832484722137451, 4.97512149810791, 8.496255874633789, 11.373763084411621], "accuracy": [0.44771242141723633, 0.3471522033214569, 0.3405228853225708, 0.3046685457229614, 0.2980392277240753], "val_loss": [4.156359672546387, 12.84550666809082, 4.379742622375488, 24.903656005859375, 24.385793685913086], "val_accuracy": [0.373039573431015, 0.3980582654476166, 0.3857356309890747, 0.2755787968635559, 0.19454817473888397]}