{"loss": [0.30352213978767395, 0.33961570262908936, 0.4540209472179413], "accuracy": [0.8223155736923218, 0.8037348389625549, 0.7684407234191895], "val_loss": [0.8028237819671631, 0.5051158666610718, 1.1292603015899658], "val_accuracy": [0.5433158874511719, 0.649738609790802, 0.35212844610214233]}