{"loss": [1.9719691276550293, 2.908158540725708, 4.650378227233887, 5.084169864654541, 8.097250938415527], "accuracy": [0.2574229836463928, 0.25938376784324646, 0.2560224235057831, 0.2534080445766449, 0.2522875964641571], "val_loss": [16.316951751708984, 2.0506434440612793, 6.118008613586426, 2.9563851356506348, 5.681005954742432], "val_accuracy": [0.27072441577911377, 0.17737117409706116, 0.27072441577911377, 0.2752053737640381, 0.27072441577911377]}