{"loss": [0.3201639950275421, 0.3385072350502014, 0.3736626207828522], "accuracy": [0.8261438012123108, 0.8228757977485657, 0.7942110300064087], "val_loss": [18.215351104736328, 71.17921447753906, 3.0369181632995605], "val_accuracy": [0.352875292301178, 0.35212844610214233, 0.35250186920166016]}